CIK,Form Type,Filing Date,File Path,Label
1098880,8-K,2025-02-28,edgar/data/1098880/0001062993-25-003890,1
1101680,8-K,2025-03-14,edgar/data/1101680/0001101680-25-000021,1
1162461,8-K,2025-03-05,edgar/data/1162461/0001193125-25-046217,1
1309108,8-K,2025-03-06,edgar/data/1309108/0001140361-25-007445,1
1411688,8-K,2025-01-29,edgar/data/1411688/0001104659-25-007267,1
1438901,8-K,2025-02-05,edgar/data/1438901/0001477932-25-000717,1
1454938,8-K,2025-02-03,edgar/data/1454938/0001140361-25-002802,1
1454938,8-K,2025-02-11,edgar/data/1454938/0001140361-25-003851,1
1498710,8-K,2025-02-21,edgar/data/1498710/0000950103-25-002262,1
1506928,8-K,2025-02-10,edgar/data/1506928/0001437749-25-003321,1
1537028,8-K,2025-01-15,edgar/data/1537028/0001537028-25-000003,1
1580864,8-K,2025-01-15,edgar/data/1580864/0000950170-25-005647,1
1656634,8-K,2025-01-03,edgar/data/1656634/0001193125-25-001488,1
1723580,8-K,2025-02-10,edgar/data/1723580/0001104659-25-010948,1
1723580,8-K,2025-02-25,edgar/data/1723580/0001104659-25-016659,1
1723580,8-K,2025-03-18,edgar/data/1723580/0001104659-25-024589,1
1731289,8-K,2025-02-19,edgar/data/1731289/0001731289-25-000004,1
1750153,8-K,2025-01-21,edgar/data/1750153/0001628280-25-001918,1
1779020,8-K,2025-03-18,edgar/data/1779020/0000950170-25-041367,1
1792581,8-K,2025-03-21,edgar/data/1792581/0001437749-25-008671,1
1813914,8-K,2025-02-03,edgar/data/1813914/0001193125-25-019379,1
1828852,8-K,2025-01-15,edgar/data/1828852/0001828852-25-000010,1
1835972,8-K,2025-01-03,edgar/data/1835972/0001213900-25-000828,1
1835972,8-K,2025-01-13,edgar/data/1835972/0001213900-25-002841,1
1835972,8-K,2025-01-17,edgar/data/1835972/0001213900-25-004620,1
1835972,8-K,2025-03-10,edgar/data/1835972/0001213900-25-021871,1
1850838,8-K,2025-02-14,edgar/data/1850838/0001193125-25-027349,1
1876945,8-K,2025-03-27,edgar/data/1876945/0001876945-25-000010,1
1886799,8-K,2025-01-28,edgar/data/1886799/0001493152-25-003865,1
1886799,8-K,2025-02-27,edgar/data/1886799/0001493152-25-008512,1
2014596,8-K,2025-03-03,edgar/data/2014596/0002014596-25-000009,1
2044492,8-K,2025-01-16,edgar/data/2044492/0001140361-25-001267,1
2044492,8-K,2025-01-27,edgar/data/2044492/0001140361-25-001944,1
2047638,8-K,2025-02-10,edgar/data/2047638/0001539497-25-000435,1
2049300,8-K,2025-01-28,edgar/data/2049300/0001539497-25-000163,1
2049534,8-K,2025-02-11,edgar/data/2049534/0001539497-25-000455,1
2051421,8-K,2025-02-19,edgar/data/2051421/0001539497-25-000742,1
2053102,8-K,2025-02-11,edgar/data/2053102/0001539497-25-000450,1
2056663,8-K,2025-03-25,edgar/data/2056663/0001539497-25-001037,1
2056713,8-K,2025-03-13,edgar/data/2056713/0001539497-25-000931,1
2058145,8-K,2025-03-17,edgar/data/2058145/0001539497-25-000962,1
890447,8-K,2025-01-22,edgar/data/890447/0001999371-25-000518,1
933738,8-K,2025-03-06,edgar/data/933738/0001654954-25-002332,1
933738,8-K,2025-03-12,edgar/data/933738/0001654954-25-002684,1
